v1,v2,,,
ded,dear subscriber last date to pay electricity bill is today please pay online,,,
ded,deadline to reset password is june 21 . After this system will be locked,,,
ded,final date for registering for this contest is 28/02/2011..no further entries will be entertained,,,
ded,please submit these files before the end date 1st January,,,
ded,all projects should be submitted before 2nd January 2020,,,
ded,last and final date for submission of the forms is wednesday 24th october after which no further applications will be accepted,,,
ded,kindly deposit the fee before the given dates else a fine will be imposed,,,
ded,The admission to the programs takes places through different Entrance Tests followed by further tests and interview as per the program. The application must be sent before the last date of submission,,,
ded,Last date for online submission of duly filled-in application form along with the payment of application fee is february 26th 2020,,,
ded,Application deadline to study at another institution on a letter of permission for the fall term.Statutory holiday. University closed.,,,
ded,Your ACT Fibernet bill is generated for the month of Oct-2019 towards account ID 102018261333 and due is Rs.1468/-. Today is last date to pay your bill. Request you to pay your bill immediately to avoid service disruption and late payment fees,,,
ded,The time is ticking away! The last date to register for the CodeChef Certification exam at a discount of ₹1000 is 30th September.,,,
ded,The date for the online round of ICPC Indian Regionals has been revealed and is scheduled for the 18th of October,,,
ded,Your ACT Fibernet bill is generated for the month of Sep-2019 towards account ID 102018261333 and due is Rs.1518/-. Tomorrow is last date to pay your bill. Request you to pay your bill immediately to avoid service disruption and late payment fees.,,,
ded, Admissions for the upcoming batch of 5 Month PG Certification in Data Science Program are closing soon with the last date to enrol being 15th December,,,
ded,Last date to register for the contest is 4 November 2019 11:59pm,,,
ded,Visit the conference website for guidelines on abstract/paper submission and registration. Last date for submission of abstract is 26 October 2019.,,,
ded,Last day to withdrawal from a subscription and get a refund is tomorrow wednesday,,,
ded,Last day to withdrawal from a subscription and get a refund,,,
ded,Kindly pay the hostel fee before 7th September to avoid delay fines,,,
ded,All files need to be uploaded before 7th of july for assessment,,,
ded,Last day to withdraw from subscription and all enrolled courses with a W – no petition required,,,
ded,Property transaction -- Last date for filing Form 26QB: ,,,
ded,Last dates for submission of investment declaration to avoid TDS: Beginning of the financial year,,,
ded,July 31: Due date for filing income tax returns,,,
ded,An extension provides an extra six months to file your return. Payment of the tax is still due by April 15.,,,
ded, The due date for ITR filing for the taxpayers requiring tax audit for FY 2018-19 has been extended from 30th Sep 2019 to 31st Oct 2019.,,,
ded,For the financial year (FY) 2018-19 the deadline to file ITR has been extended by the government to August 31 2019,,,
ded,The last date to file belated ITR for FY 2018-19 is March 31 2020. If you miss this deadline as well then you will not be able to file ITR unless you receive a notice from tax department to do so,,,
ded,The deadline for the state to submit a plan is Dec. 23 according to the Disability Law Center of Alaska one of the plaintiffs in the case,,,
ded,All projects have to be submitted to their respective professors by april 19. No further submissions will be considered,,,
ded,Last date of online application is 10th October 2019,,,
ded,Candidates can make application corrections till 19th september after which the portal will be inaccessable,,,
ded,Government extends deadline for mandatory FASTags to December 15,,,
ded,PAN-Aadhaar linking deadline is December 31. Here is how to link the two,,,
ded,Last day to withdraw from a semester course is Sep 18 2019,,,
ded,Deadline to apply to graduate for Fall Convocation is Jul 31 2019,,,
ded,Due date for tuition and fee payment (Domestic and International) is Aug 30 2019,,,
ded,Deadline for program advisors to submit lists of eligible graduates for Fall Convocation is Oct 11 2019,,,
ded,The deadline to register or re-register to vote for any election is 11:59:59 p.m. Pacific Time on the 15th calendar day before that election,,,
ded,The deadline for Early Action is November 1. We accept test results from any test taken before November 30,,,
ded,The deadline for first-year domestic students to apply Early Action is November 1,,,
ded,Last day for transcripts from all schools to be received by PSU is September 6 2020,,,
ded,Voters must register by February 17 in person by mail or online.,,,
ded,Last day to drop classes for full refund or credit is january 19,,,
ded,Last day to request "Pass/No Pass" for 12-week classes is april 28,,,
ded,estimated last date of completion for this project is may 15,,,
ded,last and final date for submission of the forms is wednesday 24th october after which no further applications will be accepted,,,
ded,kindly deposit the fee before the given dates else a fine will be imposed,,,
ded,The admission to the programs takes places through different Entrance Tests followed by further tests and interview as per the program. The application must be sent before the last date of submission,,,
ded,Last date for online submission of duly filled-in application form along with the payment of application fee is february 26th 2020,,,
ded,Application deadline to study at another institution on a letter of permission for the fall term.Statutory holiday. University closed.,,,
ded,Your ACT Fibernet bill is generated for the month of Oct-2019 towards account ID 102018261333 and due is Rs.1468/-. Today is last date to pay your bill. Request you to pay your bill immediately to avoid service disruption and late payment fees,,,
nd,I see the letter B on my car,,,
nd,Anything lor... U decide...,,,
nd,Hello! How's you and how did saturday go? I was just texting to see if you'd decided to do anything tomo. Not that i'm trying to invite myself or anything!,,,
nd,Pls go ahead with watts. I just wanted to be sure. Do have a great weekend. Abiola,,,
nd,"Did I forget to tell you ? I want you , I need you, I crave you ... But most of all ... I love you my sweet Arabian steed ... Mmmmmm ... Yummy",,,
nd,07732584351 - Rodger Burns - MSG = We tried to call you re your reply to our sms for a free nokia mobile + free camcorder. Please call now 08000930705 for delivery tomorrow,,,
nd,WHO ARE YOU SEEING?,,,
nd,Great! I hope you like your man well endowed. I am  &lt;#&gt;  inches...,,,
nd,No calls..messages..missed calls,,,
nd,Didn't you get hep b immunisation in nigeria.,,,
nd,"Fair enough, anything going on?",,,
nd,"Yeah hopefully, if tyler can't do it I could maybe ask around a bit",,,
nd,U don't know how stubborn I am. I didn't even want to go to the hospital. I kept telling Mark I'm not a weak sucker. Hospitals are for weak suckers.,,,
nd,What you thinked about me. First time you saw me in class.,,,
nd,"A gram usually runs like  &lt;#&gt; , a half eighth is smarter though and gets you almost a whole second gram for  &lt;#&gt;",,,
nd,K fyi x has a ride early tomorrow morning but he's crashing at our place tonight,,,
nd,"Wow. I never realized that you were so embarassed by your accomodations. I thought you liked it, since i was doing the best i could and you always seemed so happy about \the cave\"". I'm sorry I didn't and don't have more to give. I'm sorry i offered. I'm sorry your room was so embarassing.""",,,
nd,SMS. ac Sptv: The New Jersey Devils and the Detroit Red Wings play Ice Hockey. Correct or Incorrect? End? Reply END SPTV,,,
nd,Do you know what Mallika Sherawat did yesterday? Find out now @  &lt;URL&gt;,,,
nd,"Congrats! 1 year special cinema pass for 2 is yours. call 09061209465 now! C Suprman V, Matrix3, StarWars3, etc all 4 FREE! bx420-ip4-5we. 150pm. Dont miss out! ",,,
nd,"Sorry, I'll call later in meeting.",,,
nd,Tell where you reached,,,
nd,Yes..gauti and sehwag out of odi series.,,,
nd,Your gonna have to pick up a $1 burger for yourself on your way home. I can't even move. Pain is killing me.,,,
nd,Ha ha ha good joke. Girls are situation seekers.,,,
nd,Its a part of checking IQ,,,
nd,"Sorry my roommates took forever, it ok if I come by now?",,,
nd,Ok lar i double check wif da hair dresser already he said wun cut v short. He said will cut until i look nice.,,,
nd,"As a valued customer, I am pleased to advise you that following recent review of your Mob No. you are awarded with a å£1500 Bonus Prize, call 09066364589",,,
nd,"Today is \song dedicated day..\"" Which song will u dedicate for me? Send this to all ur valuable frnds but first rply me...""",,,
nd,"Urgent UR awarded a complimentary trip to EuroDisinc Trav, Aco&Entry41 Or å£1000. To claim txt DIS to 87121 18+6*å£1.50(moreFrmMob. ShrAcomOrSglSuplt)10, LS1 3AJ",,,
nd,"Did you hear about the new \Divorce Barbie\""? It comes with all of Ken's stuff!""",,,
nd,I plane to give on this month end.,,,
nd,Wah lucky man... Then can save money... Hee...,,,
nd,Finished class where are you.,,,
nd,HI BABE IM AT HOME NOW WANNA DO SOMETHING? XX,,,
nd,K..k:)where are you?how did you performed?,,,
nd,U can call me now...,,,
nd,I am waiting machan. Call me once you free.,,,
nd,Thats cool. i am a gentleman and will treat you with dignity and respect.,,,
nd,I like you peoples very much:) but am very shy pa.,,,
nd,Does not operate after  &lt;#&gt;  or what,,,
nd,Its not the same here. Still looking for a job. How much do Ta's earn there.,,,
nd,"Sorry, I'll call later",,,
nd,K. Did you call me just now ah? ,,,
nd,Ok i am on the way to home hi hi,,,
nd,You will be in the place of that man,,,
nd,Yup next stop.,,,
nd,"I call you later, don't have network. If urgnt, sms me.",,,
nd,For real when u getting on yo? I only need 2 more tickets and one more jacket and I'm done. I already used all my multis.,,,
nd,Yes I started to send requests to make it but pain came back so I'm back in bed. Double coins at the factory too. I gotta cash in all my nitros.,,,
nd,I'm really not up to it still tonight babe,,,
nd,"Ela kano.,il download, come wen ur free..",,,
nd,Yeah do! DonÛ÷t stand to close tho- youÛ÷ll catch something!,,,
nd,Sorry to be a pain. Is it ok if we meet another night? I spent late afternoon in casualty and that means i haven't done any of y stuff42moro and that includes all my time sheets and that. Sorry. ,,,
nd,Smile in Pleasure Smile in Pain Smile when trouble pours like Rain Smile when sum1 Hurts U Smile becoz SOMEONE still Loves to see u Smiling!!,,,
nd,Please call our customer service representative on 0800 169 6031 between 10am-9pm as you have WON a guaranteed å£1000 cash or å£5000 prize!,,,
nd,Havent planning to buy later. I check already lido only got 530 show in e afternoon. U finish work already?,,,
nd,"Your free ringtone is waiting to be collected. Simply text the password \MIX\"" to 85069 to verify. Get Usher and Britney. FML", PO Box 5249," MK17 92H. 450Ppw 16""",
nd,Watching telugu movie..wat abt u?,,,
nd,i see. When we finish we have loads of loans to pay,,,
nd,"Hi. Wk been ok - on hols now! Yes on for a bit of a run. Forgot that i have hairdressers appointment at four so need to get home n shower beforehand. Does that cause prob for u?\""
ham""",,,
nd,Please don't text me anymore. I have nothing else to say.,,,
nd,Okay name ur price as long as its legal! Wen can I pick them up? Y u ave x ams xx,,,
nd,I'm still looking for a car to buy. And have not gone 4the driving test yet.,,,
nd,As per your request 'Melle Melle (Oru Minnaminunginte Nurungu Vettam)' has been set as your callertune for all Callers. Press *9 to copy your friends Callertune,,,
nd,"wow. You're right! I didn't mean to do that. I guess once i gave up on boston men and changed my search location to nyc, something changed. Cuz on my signin page it still says boston.",,,
nd,Umma my life and vava umma love you lot dear,,,
nd,Thanks a lot for your wishes on my birthday. Thanks you for making my birthday truly memorable.,,,
nd,"Aight, I'll hit you up when I get some cash",,,
nd,How would my ip address test that considering my computer isn't a minecraft server,,,
nd,I know! Grumpy old people. My mom was like you better not be lying. Then again I am always the one to play jokes...,,,
nd,Dont worry. I guess he's busy.,,,
nd,What is the plural of the noun research?,,,
nd,Going for dinner.msg you after.,,,
nd,I'm ok wif it cos i like 2 try new things. But i scared u dun like mah. Cos u said not too loud.,,,
nd,GENT! We are trying to contact you. Last weekends draw shows that you won a å£1000 prize GUARANTEED. Call 09064012160. Claim Code K52. Valid 12hrs only. 150ppm,,,
nd,"Wa, ur openin sentence very formal... Anyway, i'm fine too, juz tt i'm eatin too much n puttin on weight...Haha... So anythin special happened?",,,
nd,"As I entered my cabin my PA said, '' Happy B'day Boss !!''. I felt special. She askd me 4 lunch. After lunch she invited me to her apartment. We went there.",,,
nd,You are a winner U have been specially selected 2 receive å£1000 or a 4* holiday (flights inc) speak to a live operator 2 claim 0871277810910p/min (18+) ,,,
nd,Goodo! Yes we must speak friday - egg-potato ratio for tortilla needed! ,,,
nd,Hmm...my uncle just informed me that he's paying the school directly. So pls buy food.,,,
nd,PRIVATE! Your 2004 Account Statement for 07742676969 shows 786 unredeemed Bonus Points. To claim call 08719180248 Identifier Code: 45239 Expires,,,
nd,"URGENT! Your Mobile No. was awarded å£2000 Bonus Caller Prize on 5/9/03 This is our final try to contact U! Call from Landline 09064019788 BOX42WR29C, 150PPM",,,
nd,here is my new address -apples&pairs&all that malarky,,,
nd,Todays Voda numbers ending 7548 are selected to receive a $350 award. If you have a match please call 08712300220 quoting claim code 4041 standard rates app,,,
nd,I am going to sao mu today. Will be done only at 12 ,,,
nd,ÌÏ predict wat time Ì_'ll finish buying?,,,
nd,"Good stuff, will do.",,,
nd,"Just so that you know,yetunde hasn't sent money yet. I just sent her a text not to bother sending. So its over, you dont have to involve yourself in anything. I shouldn't have imposed anything on you in the first place so for that, i apologise.",,,
nd,Are you there in room.,,,
nd,HEY GIRL. HOW R U? HOPE U R WELL ME AN DEL R BAK! AGAIN LONG TIME NO C! GIVE ME A CALL SUM TIME FROM LUCYxx,,,
nd,K..k:)how much does it cost?,,,
nd,I'm home.,,,
nd,"Dear, will call Tmorrow.pls accomodate.",,,
nd,First answer my question.,,,
nd,Sunshine Quiz Wkly Q! Win a top Sony DVD player if u know which country the Algarve is in? Txt ansr to 82277. å£1.50 SP:Tyrone,,,
nd,Want 2 get laid tonight? Want real Dogging locations sent direct 2 ur mob? Join the UK's largest Dogging Network bt Txting GRAVEL to 69888! Nt. ec2a. 31p.msg@150p,,,
nd,I only haf msn. It's yijue@hotmail.com,,,
nd,He is there. You call and meet him,,,
nd,No no. I will check all rooms befor activities,,,
nd,You'll not rcv any more msgs from the chat svc. For FREE Hardcore services text GO to: 69988 If u get nothing u must Age Verify with yr network & try again,,,
nd,Got c... I lazy to type... I forgot Ì_ in lect... I saw a pouch but like not v nice...,,,
nd,"K, text me when you're on the way",,,
nd,"Sir, Waiting for your mail.",,,
nd,"A swt thought: \Nver get tired of doing little things 4 lovable persons..\"" Coz..somtimes those little things occupy d biggest part in their Hearts.. Gud ni8""",,,
nd,I know you are. Can you pls open the back?,,,
nd,Yes see ya not on the dot,,,
nd,Whats the staff name who is taking class for us?,,,
nd,"FreeMsg Why haven't you replied to my text? I'm Randy, sexy, female and live local. Luv to hear from u. Netcollex Ltd 08700621170150p per msg reply Stop to end",,,
nd,Ummma.will call after check in.our life will begin from qatar so pls pray very hard.,,,
nd,K..i deleted my contact that why?,,,
nd,Sindu got job in birla soft ..,,,
nd,The wine is flowing and i'm i have nevering..,,,
nd,Yup i thk cine is better cos no need 2 go down 2 plaza mah.,,,
nd,Ok... Ur typical reply...,,,
nd,As per your request 'Melle Melle (Oru Minnaminunginte Nurungu Vettam)' has been set as your callertune for all Callers. Press *9 to copy your friends Callertune,,,
nd,"You are everywhere dirt, on the floor, the windows, even on my shirt. And sometimes when i open my mouth, you are all that comes flowing out. I dream of my world without you, then half my chores are out too. A time of joy for me, lots of tv shows i.ll see. But i guess like all things you just must exist, like rain, hail and mist, and when my time here is done, you and i become one.",,,
nd,Aaooooright are you at work?,,,
nd,I'm leaving my house now...,,,
nd,"Hello, my love. What are you doing? Did you get to that interview today? Are you you happy? Are you being a good boy? Do you think of me?Are you missing me ?",,,
nd,Customer service annoncement. You have a New Years delivery waiting for you. Please call 07046744435 now to arrange delivery,,,
nd,You are a winner U have been specially selected 2 receive å£1000 cash or a 4* holiday (flights inc) speak to a live operator 2 claim 0871277810810,,,
nd,Keep yourself safe for me because I need you and I miss you already and I envy everyone that see's you in real life,,,
nd,New car and house for my parents.:)i have only new job in hand:),,,
nd,I'm so in love with you. I'm excited each day i spend with you. You make me so happy.,,,
nd,-PLS STOP bootydelious (32/F) is inviting you to be her friend. Reply YES-434 or NO-434 See her: www.SMS.ac/u/bootydelious STOP? Send STOP FRND to 62468,,,
nd,"BangBabes Ur order is on the way. U SHOULD receive a Service Msg 2 download UR content. If U do not, GoTo wap. bangb. tv on UR mobile internet/service menu",,,
nd,I place all ur points on e cultures module already.,,,
nd,URGENT! We are trying to contact you. Last weekends draw shows that you have won a å£900 prize GUARANTEED. Call 09061701939. Claim code S89. Valid 12hrs only,,,
nd,"Hi frnd, which is best way to avoid missunderstding wit our beloved one's?",,,
nd,Great escape. I fancy the bridge but needs her lager. See you tomo ,,,
nd,Yes :)it completely in out of form:)clark also utter waste.,,,
nd,"Sir, I need AXIS BANK account no and bank address.",,,
nd,"Hmmm.. Thk sure got time to hop ard... Ya, can go 4 free abt... Muz call u to discuss liao... ",,,
nd,What time you coming down later? ,,,
nd,"Bloody hell, cant believe you forgot my surname Mr . Ill give u a clue, its spanish and begins with m... ",,,
nd,"Well, i'm gonna finish my bath now. Have a good...fine night.",,,
nd,Let me know when you've got the money so carlos can make the call,,,
nd,U still going to the mall?,,,
nd,"Turns out my friends are staying for the whole show and won't be back til ~ &lt;#&gt; , so feel free to go ahead and smoke that $ &lt;#&gt;  worth",,,
nd,Text her. If she doesnt reply let me know so i can have her log in,,,
nd,Hi! You just spoke to MANEESHA V. We'd like to know if you were satisfied with the experience. Reply Toll Free with Yes or No.,,,
nd,You lifted my hopes with the offer of money. I am in need. Especially when the end of the month approaches and it hurts my studying. Anyways have a gr8 weekend,,,
nd,Lol no. U can trust me.,,,
nd,ok. I am a gentleman and will treat you with dignity and respect.,,,
nd,"He will, you guys close?",,,
nd,Going on nothing great.bye,,,
nd,Hello handsome ! Are you finding that job ? Not being lazy ? Working towards getting back that net for mummy ? Where's my boytoy now ? Does he miss me ?,,,
nd,"Haha awesome, be there in a minute",,,
nd,Please call our customer service representative on FREEPHONE 0808 145 4742 between 9am-11pm as you have WON a guaranteed å£1000 cash or å£5000 prize!,,,
nd,Have you got Xmas radio times. If not i will get it now,,,
nd,I jus reached home. I go bathe first. But my sis using net tell u when she finishes k...,,,
nd,Are you unique enough? Find out from 30th August. www.areyouunique.co.uk,,,
nd,I'm sorry. I've joined the league of people that dont keep in touch. You mean a great deal to me. You have been a friend at all times even at great personal cost. Do have a great week.|,,,
nd,Hi :)finally i completed the course:),,,
nd,It will stop on itself. I however suggest she stays with someone that will be able to give ors for every stool.,,,
nd,How are you doing? Hope you've settled in for the new school year. Just wishin you a gr8 day,,,
nd,Gud mrng dear hav a nice day,,,
nd,Did u got that persons story,,,
nd,is your hamster dead? Hey so tmr i meet you at 1pm orchard mrt? ,,,
nd,Hi its Kate how is your evening? I hope i can see you tomorrow for a bit but i have to bloody babyjontet! Txt back if u can. :) xxx,,,
nd,"Found it, ENC  &lt;#&gt; , where you at?",,,
nd,I sent you  &lt;#&gt;  bucks,,,
nd,Hello darlin ive finished college now so txt me when u finish if u can love Kate xxx,,,
nd,Your account has been refilled successfully by INR  &lt;DECIMAL&gt; . Your KeralaCircle prepaid account balance is Rs  &lt;DECIMAL&gt; . Your Transaction ID is KR &lt;#&gt; .,,,
nd,Goodmorning sleeping ga.,,,
nd,U call me alter at 11 ok.,,,
nd,ÌÏ say until like dat i dun buy ericsson oso cannot oredi lar...,,,
nd,"As I entered my cabin my PA said, '' Happy B'day Boss !!''. I felt special. She askd me 4 lunch. After lunch she invited me to her apartment. We went there.",,,
nd,"Aight yo, dats straight dogg",,,
nd,You please give us connection today itself before  &lt;DECIMAL&gt;  or refund the bill,,,
nd,Both :) i shoot big loads so get ready!,,,
nd,"What's up bruv, hope you had a great break. Do have a rewarding semester.",,,
nd,Home so we can always chat,,,
nd,K:)k:)good:)study well.,,,
nd,Yup... How Ì_ noe leh...,,,
nd,Sounds great! Are you home now?,,,
nd,Finally the match heading towards draw as your prediction.,,,
nd,Tired. I haven't slept well the past few nights.,,,
nd,Easy ah?sen got selected means its good..,,,
nd,I have to take exam with march 3,,,
nd,Yeah you should. I think you can use your gt atm now to register. Not sure but if there's anyway i can help let me know. But when you do be sure you are ready.,,,
nd,Ok no prob. Take ur time.,,,
nd,There is os called ubandu which will run without installing in hard disk...you can use that os to copy the important files in system and give it to repair shop..,,,
nd,"Sorry, I'll call later",,,
nd,U say leh... Of course nothing happen lar. Not say v romantic jus a bit only lor. I thk e nite scenery not so nice leh.,,,
nd,"500 New Mobiles from 2004, MUST GO! Txt: NOKIA to No: 89545 & collect yours today!From ONLY å£1 www.4-tc.biz 2optout 087187262701.50gbp/mtmsg18",,,
nd,Would really appreciate if you call me. Just need someone to talk to.,,,
nd,"Will u meet ur dream partner soon? Is ur career off 2 a flyng start? 2 find out free, txt HORO followed by ur star sign, e. g. HORO ARIES",,,
nd,Hey company elama po mudyadhu.,,,
nd,"Life is more strict than teacher... Bcoz Teacher teaches lesson &amp; then conducts exam, But Life first conducts Exam &amp; then teaches Lessons. Happy morning. . .",,,
nd,Dear good morning now only i am up,,,
nd,Get down in gandhipuram and walk to cross cut road. Right side &lt;#&gt; street road and turn at first right.,,,
nd,Dear we are going to our rubber place,,,
nd,"Sorry battery died, yeah I'm here",,,
nd,Yes:)here tv is always available in work place..,,,
nd,Text & meet someone sexy today. U can find a date or even flirt its up to U. Join 4 just 10p. REPLY with NAME & AGE eg Sam 25. 18 -msg recd@thirtyeight pence,,,
nd,I have printed it oh. So  &lt;#&gt;  come upstairs,,,
nd,Or ill be a little closer like at the bus stop on the same street,,,
nd,Where are you?when wil you reach here?,,,
nd,"New Theory: Argument wins d SITUATION, but loses the PERSON. So dont argue with ur friends just.. . . . kick them &amp; say, I'm always correct.!",,,
nd,U 447801259231 have a secret admirer who is looking 2 make contact with U-find out who they R*reveal who thinks UR so special-call on 09058094597,,,
nd,Tomarrow final hearing on my laptop case so i cant.,,,
nd,PLEASSSSSSSEEEEEE TEL ME V AVENT DONE SPORTSx,,,
nd,"Okay. No no, just shining on. That was meant to be signing, but that sounds better.",,,
nd,"Although i told u dat i'm into baig face watches now but i really like e watch u gave cos it's fr u. Thanx 4 everything dat u've done today, i'm touched...",,,
nd,U don't remember that old commercial?,,,
nd,Too late. I said i have the website. I didn't i have or dont have the slippers,,,
nd,I asked you to call him now ok,,,
nd,Kallis wont bat in 2nd innings.,,,
nd,It didnt work again oh. Ok goodnight then. I.ll fix and have it ready by the time you wake up. You are very dearly missed have a good night sleep.,,,
nd,Congratulations ur awarded 500 of CD vouchers or 125gift guaranteed & Free entry 2 100 wkly draw txt MUSIC to 87066 TnCs www.Ldew.com1win150ppmx3age16,,,
nd,Ranjith cal drpd Deeraj and deepak 5min hold,,,
nd,"Wen ur lovable bcums angry wid u, dnt take it seriously.. Coz being angry is d most childish n true way of showing deep affection, care n luv!.. kettoda manda... Have nice day da.",,,
nd,What you doing?how are you?,,,
nd,"Ups which is 3days also, and the shipping company that takes 2wks. The other way is usps which takes a week but when it gets to lag you may have to bribe nipost to get your stuff.",,,
nd,"I'm back, lemme know when you're ready",,,
nd,Don't necessarily expect it to be done before you get back though because I'm just now headin out,,,
nd,Mmm so yummy babe ... Nice jolt to the suzy,,,
nd,Where are you lover ? I need you ...,,,
nd,We tried to contact you re your reply to our offer of a Video Handset? 750 anytime networks mins? UNLIMITED TEXT? Camcorder? Reply or call 08000930705 NOW,,,
nd,IÛ÷m parked next to a MINI!!!! When are you coming in today do you think?,,,
nd,Yup,,,
